component;house;valid_from;valid_to;weight;reason
VODA_PVK;Dům 1 – Ukázkovi;2023-11-01;;;
VODA_PVK;Dům 2 – Vzoroví;2023-11-01;;;
VODA_PVK;Dům 3 – Testovací;2023-11-01;;;
VODA_PVK;Dům 4 – Fiktivní;2023-11-01;;;
VODA_PVK;Dům 5 – Smyšlení;2023-11-01;;;
VODA_PVK;Dům 6 – Příkladní;2023-11-01;;;
VODA_PVK;Dům 7 – Modeloví;2023-11-01;;;
VODA_PVK;Dům 8 – Cviční;2023-11-01;;;
ZTRATY_VODY;Dům 1 – Ukázkovi;2023-11-01;;;
ZTRATY_VODY;Dům 2 – Vzoroví;2023-11-01;;;
ZTRATY_VODY;Dům 3 – Testovací;2023-11-01;;;
ZTRATY_VODY;Dům 4 – Fiktivní;2023-11-01;;;
ZTRATY_VODY;Dům 5 – Smyšlení;2023-11-01;;;
ZTRATY_VODY;Dům 6 – Příkladní;2023-11-01;;;
ZTRATY_VODY;Dům 7 – Modeloví;2023-11-01;;;
ZTRATY_VODY;Dům 8 – Cviční;2023-11-01;;;
ELEKTRINA_VODARNA;Dům 1 – Ukázkovi;2023-11-01;;;
ELEKTRINA_VODARNA;Dům 2 – Vzoroví;2023-11-01;;;
ELEKTRINA_VODARNA;Dům 3 – Testovací;2023-11-01;;;
ELEKTRINA_VODARNA;Dům 4 – Fiktivní;2023-11-01;;;
OSVETLENI;Dům 1 – Ukázkovi;2023-11-01;;;
OSVETLENI;Dům 2 – Vzoroví;2023-11-01;;;
OSVETLENI;Dům 3 – Testovací;2023-11-01;;;
OSVETLENI;Dům 4 – Fiktivní;2023-11-01;;;
OSVETLENI;Dům 5 – Smyšlení;2023-11-01;;;
OSVETLENI;Dům 6 – Příkladní;2023-11-01;;;
OSVETLENI;Dům 7 – Modeloví;2023-11-01;;;
OSVETLENI;Dům 8 – Cviční;2024-10-01;;;připojení k osvětlení 10/2024
UDRZBA;Dům 1 – Ukázkovi;2023-11-01;;;
UDRZBA;Dům 2 – Vzoroví;2023-11-01;;;
UDRZBA;Dům 3 – Testovací;2023-11-01;;;
UDRZBA;Dům 4 – Fiktivní;2023-11-01;;;
UDRZBA;Dům 5 – Smyšlení;2023-11-01;;;
UDRZBA;Dům 6 – Příkladní;2023-11-01;;;
UDRZBA;Dům 7 – Modeloví;2023-11-01;;;
UDRZBA;Dům 8 – Cviční;2023-11-01;;;
POJISTENI;Dům 1 – Ukázkovi;2023-11-01;;;
POJISTENI;Dům 2 – Vzoroví;2023-11-01;;;
POJISTENI;Dům 3 – Testovací;2023-11-01;;;
POJISTENI;Dům 4 – Fiktivní;2023-11-01;;;
POJISTENI;Dům 5 – Smyšlení;2023-11-01;;;
POJISTENI;Dům 6 – Příkladní;2023-11-01;;;
POJISTENI;Dům 7 – Modeloví;2023-11-01;;;
POJISTENI;Dům 8 – Cviční;2023-11-01;;;
